region_code,region_name,principal_code,principal_name,entity_code_principal,entity_name_principal,branch_id,branch_name,area_code,pin_branch,active,updated_by
ASWSUM1,ASW SUMATERA 1,A,ASWFOODS,ASW11,ASW NAD 1,DABNJ001,CV. MITRA JAYA ABADI LANGKAT,SUM1,6666,Y,
ASWSUM1,ASW SUMATERA 1,A,ASWFOODS,ASW11,ASW NAD 1,DALGS001,CV. SEMANGAT BAROE LANGSA,SUM1,7777,Y,
ASWSUM1,ASW SUMATERA 1,A,ASWFOODS,ASW11,ASW NAD 1,DALSK001,UD. USDA BARU LHOKSUKON,SUM1,8888,Y,
ASWSUM1,ASW SUMATERA 1,A,ASWFOODS,ASW11,ASW NAD 1,DATKG001,PT. INAYA DARKA ABADI TAKENGON,SUM1,1111,Y,
ASWSUM1,ASW SUMATERA 1,A,ASWFOODS,ASW11,ASW NAD 1,DABIR002,UD. AD RAHMAT BIREUN,SUM1,2222,Y,
ASWSUM1,ASW SUMATERA 1,A,ASWFOODS,ASW12,ASW NAD 2,DABNA001,PT. SUKSES JAYA MAKMUR ABADI BANDA ACEH,SUM1,3333,Y,
ASWSUM1,ASW SUMATERA 1,A,ASWFOODS,ASW12,ASW NAD 2,DASGI002,PT. SUKSES JAYA MAKMUR ABADI SIGLI,SUM1,4444,Y,
ASWSUM1,ASW SUMATERA 1,A,ASWFOODS,ASW12,ASW NAD 2,DAMBO001,CV. AGRA DISTRIBUSI TAMA MEULABOH,SUM1,5555,Y,
ASWSUM1,ASW SUMATERA 1,A,ASWFOODS,ASW12,ASW NAD 2,DABPD001,CV. MEUTUAH RAYA BLANGPIDIE,SUM1,6666,Y,
ASWSUM1,ASW SUMATERA 1,A,ASWFOODS,ASW12,ASW NAD 2,DASBS001,PT. BEUDOH MAKMUE ACEH SUBUSSALAM,SUM1,7777,Y,
ASWSUM1,ASW SUMATERA 1,A,ASWFOODS,ASW12,ASW NAD 2,DAKTN001,CV. MITRA BERKAT SABE KUTACANE,SUM1,8888,Y,
ASWSUM1,ASW SUMATERA 1,A,ASWFOODS,ASW13,ASW SUMUT 1,DAMDN004,CV. SAUDARA MANDIRI JAYA MEDAN BARAT,SUM1,1111,Y,
ASWSUM1,ASW SUMATERA 1,A,ASWFOODS,ASW13,ASW SUMUT 1,DAMDN02,PT. MITRA BOGA SUMATERA MEDAN TIMUR,SUM1,2222,Y,
ASWSUM1,ASW SUMATERA 1,A,ASWFOODS,ASW13,ASW SUMUT 1,DAMDN003,CV. DWI TUNGGAL SENTOSA (NON ACTIVE) ,SUM1,1111,Y,
ASWSUM1,ASW SUMATERA 1,A,ASWFOODS,ASW13,ASW SUMUT 1,DAMDN001,PT. CITRAPRIMA ADILESTARI MEDAN HCO,SUM1,3333,Y,
ASWSUM1,ASW SUMATERA 1,A,ASWFOODS,ASW14,ASW SUMUT 2,DARAP001,CV PANCA NIAGA JAYA RANTAU PRAPAT,SUM1,7777,Y,
ASWSUM1,ASW SUMATERA 1,A,ASWFOODS,ASW14,ASW SUMUT 2,DAKPI001,CV BOROBUDUR INDAH KOTA PINANG,SUM1,8888,Y,
ASWSUM1,ASW SUMATERA 1,A,ASWFOODS,ASW14,ASW SUMUT 2,DAAKK002,CV. ASIA JAYA AEK KANOPAN ,SUM1,1111,Y,
ASWSUM1,ASW SUMATERA 1,A,ASWFOODS,ASW14,ASW SUMUT 2,DAKBJ001,CV. KARYA BARU BERSAMA KABAN JAHE,SUM1,2222,Y,
ASWSUM1,ASW SUMATERA 1,A,ASWFOODS,ASW14,ASW SUMUT 2,DAPKIS001,CV. PANCA NIAGA JAYA KISARAN ,SUM1,3333,Y,
ASWSUM1,ASW SUMATERA 1,A,ASWFOODS,ASW14,ASW SUMUT 2,DASRH002,CV. CENTRAL ONE KAMPUNG PON,SUM1,4444,Y,
ASWSUM1,ASW SUMATERA 1,A,ASWFOODS,ASW14,ASW SUMUT 2,DATBT001,CV. CENTRAL ONE INDRAPURA,SUM1,5555,Y,
ASWSUM1,ASW SUMATERA 1,A,ASWFOODS,ASW14,ASW SUMUT 2,DASDK002,CV. NIAGA AGRO SENTOSA SIDIKALANG,SUM1,3333,Y,
ASWSUM1,ASW SUMATERA 1,A,ASWFOODS,ASW15,ASW SUMUT 3,DAPMS001,PT. BINTANG MUTIARA CEMERLANG P SIANTAR,SUM1,4444,Y,
ASWSUM1,ASW SUMATERA 1,A,ASWFOODS,ASW15,ASW SUMUT 3,DABLG001,CV. SIANTAR SIMALUNGUN SEJATI TOBASA,SUM1,5555,Y,
ASWSUM1,ASW SUMATERA 1,A,ASWFOODS,ASW15,ASW SUMUT 3,DASBG001,CV. BINTANG MEGA CEMERLANG SIBOLGA,SUM1,6666,Y,
ASWSUM1,ASW SUMATERA 1,A,ASWFOODS,ASW15,ASW SUMUT 3,DAPSP001,CV. BINTANG TERANG PADANG SIDEMPUAN,SUM1,7777,Y,
ASWSUM1,ASW SUMATERA 1,A,ASWFOODS,ASW15,ASW SUMUT 3,DAPYB002,CV. NUANSA WIJAKSONO PANYABUNGAN,SUM1,8888,Y,
ASWSUM1,ASW SUMATERA 1,A,ASWFOODS,ASW15,ASW SUMUT 3,DAPLS001,CV. HIFA GEMILANG RAYA PADANG LAWAS,SUM1,1111,N,
ASWSUM1,ASW SUMATERA 1,A,ASWFOODS,ASW15,ASW SUMUT 3,DAGST001,CV. WIRAMAS KARYA NIAS,SUM1,2222,Y,
ASWSUM2,ASW SUMATERA 2,A,ASWFOODS,ASW16,ASW JAMBI,DAJMB001,CV. HARAPAN MULYA JAMBI,SUM2,1111,Y,
ASWSUM2,ASW SUMATERA 2,A,ASWFOODS,ASW16,ASW JAMBI,DASPN001,PT. MANNA DISTRINDO SUNGAI PENUH,SUM2,2222,Y,
ASWSUM2,ASW SUMATERA 2,A,ASWFOODS,ASW16,ASW JAMBI,DAMRB001,PT. ANEKA GEMILANG SEJAHTERA MUARA BUNGO,SUM2,3333,Y,
ASWSUM2,ASW SUMATERA 2,A,ASWFOODS,ASW17,ASW RIAU 1,DATLK003,CV. BERKAH BUDI LANGGENG TALUK KUANTAN,SUM2,4444,Y,
ASWSUM2,ASW SUMATERA 2,A,ASWFOODS,ASW17,ASW RIAU 1,DAAMK002,PT HENSON ALFA GROS AIR MOLEK,SUM2,5555,Y,
ASWSUM2,ASW SUMATERA 2,A,ASWFOODS,ASW17,ASW RIAU 1,DAKMP001,CV CIPTA NIAGA NUSANTARA KAMPAR,SUM2,1111,Y,
ASWSUM2,ASW SUMATERA 2,A,ASWFOODS,ASW17,ASW RIAU 1,DAPBR001,CV BINTANG TERANG PEKANBARU,SUM2,6666,Y,
ASWSUM2,ASW SUMATERA 2,A,ASWFOODS,ASW17,ASW RIAU 1,DAPBR002,PT JAYA PALEMBANG SUKSES PEKANBARU MT,SUM2,7777,Y,
ASWSUM2,ASW SUMATERA 2,A,ASWFOODS,ASW17,ASW RIAU 1,DAPRP001,CV BINTANG TERANG UJUNG BATU,SUM2,8888,Y,
ASWSUM2,ASW SUMATERA 2,A,ASWFOODS,ASW17,ASW RIAU 1,DARGT001,PT PRESTASI SURYA BAHARI PEMATANG REBA,SUM2,9999,Y,
ASWSUM2,ASW SUMATERA 2,A,ASWFOODS,ASW17,ASW RIAU 1,DATBH001,PT MAJU JAYA SUKSES MAKMUR TEMBILAHAN,SUM2,1111,Y,
ASWSUM2,ASW SUMATERA 2,A,ASWFOODS,ASW18,ASW RIAU 2,DAUJT001,CV. MEGAH BINTANG LESTARI BAGAN BATU,SUM2,2222,N,
ASWSUM2,ASW SUMATERA 2,A,ASWFOODS,ASW18,ASW RIAU 2,DAPKK001,CV. MEGAH BINTANG LESTARI KERINCI,SUM2,3333,N,
ASWSUM2,ASW SUMATERA 2,A,ASWFOODS,ASW18,ASW RIAU 2,DAPKK002,PT. HENSON ALFA GROS KERINCI,SUM2,4444,Y,
ASWSUM2,ASW SUMATERA 2,A,ASWFOODS,ASW18,ASW RIAU 2,DASAK001,PT. SURYA BHAKTI PRIMA SIAK,SUM2,5555,Y,
ASWSUM2,ASW SUMATERA 2,A,ASWFOODS,ASW18,ASW RIAU 2,DATTG001,PT. YASA ASIA SEJAHTERA SELAT PANJANG,SUM2,6666,Y,
ASWSUM2,ASW SUMATERA 2,A,ASWFOODS,ASW18,ASW RIAU 2,DAUJT002,CV. SINAR JAYA BAGAN SIAPI-API,SUM2,7777,Y,
ASWSUM2,ASW SUMATERA 2,A,ASWFOODS,ASW18,ASW RIAU 2,DAUJT003,PT. HENSON ALFA GROS BAGAN BATU,SUM2,8888,Y,
ASWSUM2,ASW SUMATERA 2,A,ASWFOODS,ASW18,ASW RIAU 2,DABLS004,PT. HENSON ALFA GROS KANDIS DURI,SUM2,9999,Y,
ASWSUM2,ASW SUMATERA 2,A,ASWFOODS,ASW18,ASW RIAU 2,DADUM001,PT. PRESTASI SURYA BAHARI DUMAI,SUM2,1111,Y,
ASWSUM2,ASW SUMATERA 2,A,ASWFOODS,ASW18,ASW RIAU 2,DABLS003,CV. MEGAH BINTANG LESTARI DURI,SUM2,2222,N,
ASWSUM2,ASW SUMATERA 2,A,ASWFOODS,ASW18,ASW RIAU 2,DABLS002,PT. SURYA BHAKTI PRIMA SEI PAKNING,SUM2,3333,Y,
ASWSUM2,ASW SUMATERA 2,A,ASWFOODS,ASW18,ASW RIAU 2,DABLS001,PT. SURYA BHAKTI PRIMA BENGKALIS,SUM2,4444,Y,
ASWSUM2,ASW SUMATERA 2,A,ASWFOODS,ASW19,ASW SUMBAR,DABKT002,PT. YAFINDO MITRA PERMATA BUKITTINGGI,SUM2,5555,Y,
ASWSUM2,ASW SUMATERA 2,A,ASWFOODS,ASW19,ASW SUMBAR,DAPAD001,PT SYARAFA BERKAH ABADI PADANG,SUM2,1111,N,
ASWSUM2,ASW SUMATERA 2,A,ASWFOODS,ASW19,ASW SUMBAR,DAPAD002,PT YAFINDO MITRA PERMATA PADANG,SUM2,6666,Y,
ASWSUM2,ASW SUMATERA 2,A,ASWFOODS,ASW19,ASW SUMBAR,DAPMN001,PT TUNAS GLOBAL CEMERLANG PARIAMAN,SUM2,7777,Y,
ASWSUM2,ASW SUMATERA 2,A,ASWFOODS,ASW19,ASW SUMBAR,DASLK001,PT RESBU JAYA DISTRIBUSI SOLOK,SUM2,8888,Y,
ASWSUM2,ASW SUMATERA 2,A,ASWFOODS,ASW19,ASW SUMBAR,DASLK002,PT RESBU JAYA DISTRIBUSI DHAMASRAYA,SUM2,7777,Y,
ASWSUM3,ASW SUMATERA 3,A,ASWFOODS,ASW20,ASW BENGKULU,DABGL001,PT MARHUM RODAMAS ABADI BENGKULU,SUM3,1111,Y,
ASWSUM3,ASW SUMATERA 3,A,ASWFOODS,ASW20,ASW BENGKULU,DACRP001,PT LANCAR ABADI SEKAWAN CURUP,SUM3,2222,Y,
ASWSUM3,ASW SUMATERA 3,A,ASWFOODS,ASW20,ASW BENGKULU,DALHT001,PT MARHUM RODAMAS ABADI LAHAT,SUM3,3333,Y,
ASWSUM3,ASW SUMATERA 3,A,ASWFOODS,ASW20,ASW BENGKULU,DALLG001,CV LINGGAU JAYA PANGAN LUBUK LINGGAU,SUM3,4444,Y,
ASWSUM3,ASW SUMATERA 3,A,ASWFOODS,ASW20,ASW BENGKULU,DAMNA001,CV CAFA PRIMA PERKASA MANNA,SUM3,5555,Y,
ASWSUM3,ASW SUMATERA 3,A,ASWFOODS,ASW21,ASW KEPULAUAN RIAU,DATBK001,CV. OLINA PANGESTU TANJUNG BALAI KARIMUN,SUM3,6666,Y,
ASWSUM3,ASW SUMATERA 3,A,ASWFOODS,ASW21,ASW KEPULAUAN RIAU,DATPG001,PT. PRIMA BINTAN MULIATAMA TJG PINANG,SUM3,7777,Y,
ASWSUM3,ASW SUMATERA 3,A,ASWFOODS,ASW21,ASW KEPULAUAN RIAU,DATBU001,PT. ROBINSON CITRA MANDIRI T BATU KUNDUR,SUM3,8888,Y,
ASWSUM3,ASW SUMATERA 3,A,ASWFOODS,ASW21,ASW KEPULAUAN RIAU,DABTM001,PT. DWI NIAGA INDONESIA BATAM,SUM3,9999,Y,
ASWSUM3,ASW SUMATERA 3,A,ASWFOODS,ASW22,ASW LAMBABEL,DATDN001,CV. MITRA NIAGA SEJAHTERA BELITUNG,SUM3,1111,Y,
ASWSUM3,ASW SUMATERA 3,A,ASWFOODS,ASW22,ASW LAMBABEL,DATWG001,PT. WILRIKA CITRA MANDIRI TULANG BAWANG,SUM3,2222,Y,
ASWSUM3,ASW SUMATERA 3,A,ASWFOODS,ASW22,ASW LAMBABEL,DAPRW001,PT. KARUNIA CITRA SUKSES PRINGSEWU,SUM3,3333,Y,
ASWSUM3,ASW SUMATERA 3,A,ASWFOODS,ASW22,ASW LAMBABEL,DASGL001,PT. ANUGRAH SUKSES MANDIRI BANGKA,SUM3,4444,Y,
ASWSUM3,ASW SUMATERA 3,A,ASWFOODS,ASW22,ASW LAMBABEL,DAMET001,PT. SEMATA BERKAT KARUNIA METRO LAMPUNG,SUM3,5555,Y,
ASWSUM3,ASW SUMATERA 3,A,ASWFOODS,ASW22,ASW LAMBABEL,DAKTB001,PT. WILRIKA CITRA MANDIRI KOTA BUMI,SUM3,6666,Y,
ASWSUM3,ASW SUMATERA 3,A,ASWFOODS,ASW22,ASW LAMBABEL,DABDL002,CV. BERKAT ANUGERAH PENCIPTA MT LAMPUNG,SUM3,7777,Y,
ASWSUM3,ASW SUMATERA 3,A,ASWFOODS,ASW22,ASW LAMBABEL,DABDL001,PT. KARUNIA CITRA SUKSES LAMPUNG,SUM3,8888,Y,
ASWSUM3,ASW SUMATERA 3,A,ASWFOODS,ASW23,ASW SUMSEL,DAIDL001,CV. DIANDRA JAYA MANDIRI KAYU AGUNG,SUM3,9999,N,
ASWSUM3,ASW SUMATERA 3,A,ASWFOODS,ASW23,ASW SUMSEL,DABTA001,PT. SUKSES JAYA PERMATA BATURAJA,SUM3,1111,Y,
ASWSUM3,ASW SUMATERA 3,A,ASWFOODS,ASW23,ASW SUMSEL,DAPLG001,PT. JAYA PALEMBANG SUKSES MT PALEMBANG,SUM3,2222,Y,
ASWSUM3,ASW SUMATERA 3,A,ASWFOODS,ASW23,ASW SUMSEL,DAIDL002,PT. SUKSES JAYA PERMATA KAYU AGUNG,SUM3,3333,Y,
ASWSUM3,ASW SUMATERA 3,A,ASWFOODS,ASW23,ASW SUMSEL,DAPBM001,CV. MENTARI MULIA MAKMUR PRABUMULIH,SUM3,4444,Y,
ASWSUM3,ASW SUMATERA 3,A,ASWFOODS,ASW23,ASW SUMSEL,DAPLG002,CV. SUMATERA PALEMBANG,SUM3,5555,Y,
ASWSUM3,ASW SUMATERA 3,A,ASWFOODS,ASW23,ASW SUMSEL,DASKY001,CV. DIANDRA JAYA MANDIRI SEKAYU,SUM3,6666,Y,